"id","full_name"
"905","Ingrim Slocomb"
"342","Richart Audry"
"932","Jere Macia"
"292","Durante Binder"
"283","Gaby Loweth"
"784","Willy Sword"
"733","Joyce Bussens"
"323","Maggy Golda"
"872","Dina Thurgood"
"741","Miguel Pedder"
"215","Valdemar Musprat"
"354","Hildagarde O'Fihillie"
"690","Ingrim Slocomb"
"658","Cristal Caillou"
"135","Cobb Grassi"
"687","Basilio Stoakley"
"765","Kristal Dombrell"
"322","Elmer Wimms"
"435","Bogart Keuneke"
"374","Falkner MacCumiskey"
"177","Valina Farraway"
"354","Vivia Glenn"
"821","Emmy Harcombe"
"925","Penny Fisbey"
"398","Yevette Royds"
"511","Matt Podd"
"292","Isidoro Bythell"
"117","Virgilio Stubbes"
"481","Chaddy Lanfer"
"882","Arie Beszant"
"377","Matthieu Alaway"
"175","Bone Lauderdale"
"796","Loretta Stockle"
"823","Harlene Anthonies"
"954","Marty Hazzard"
"983","Kelly Huthart"
"818","Corbett Cowpertwait"
"873","Richart Audry"
"724","Carolan Aiston"
"838","Matthew Podd"
"524","Shaylah Bortoli"
"999","Del Domotor"
"290","Nickolas Kirkland"
"634","Dwain Minter"
"981","Rea Kavanagh"
"661","Johnath Le Huquet"
"292","Thurstan Selly"
"634","Felizio Piell"
"500","Loren Arnell"
"831","Mort Lequeux"
"441","Ezechiel Wenban"
"755","Lurline Arter"
"547","Ty McGookin"
"591","Gennie Pancost"
"522","Berry Goodfellowe"
"684","Almeria Landa"
"939","Caresse Dello"
"286","Papageno Guittet"
"244","Issi Blundin"
"910","Norrie Guare"
"351","Felicio Kolak"
"828","Reggi Ormiston"
"212","Norean Mealham"
"323","Ty McCookin"
"475","Phylis Loghan"
"230","Derril Antoniou"
"214","Raynard Abella"
"141","Calla Westman"
"662","Fancy Wallbank"
"348","Matt Podderson"
"173","Richart Audry"
"863","Dirk Bader"
"970","Liane Hurdis"
"175","Evelina Folini"
"257","Pat Emeline"
"838","Karee Beeken"
"370","Marley Atger"
"756","Tyson Klimashevich"
"924","Beatrix Reeme"
"250","Brett Soppit"
"320","Ingrim Slocomb"
"327","Gae Growden"
"506","Jaquelyn Spadelli"
"548","Kerrill Brisard"
"214","Jammal Tolliday"
"968","Carlotta Kuschek"
"381","Jorgan Willwood"
"184","Meade Lawton"
"283","Franciskus Kirstein"
"144","Dirk Baderson"
"101","Van Ingall"
"168","Zachary Richarson"
"428","Cass Lyptratt"
"882","Isa De Giorgi"
"110","Mandi Connal"
"147","Magnum Goodsir"
"829","Karylin Rosewall"
"469","Jamie Faux"
"149","Ty McBookin"
"628","Maryanne Yedall"
"752","Isobel Pavel"
"472","Dido Rodgers"
"556","Osmund Hurtado"
"589","Alfred Measen"
"202","Matt Pod"
"439","Kimball Karlolak"
"340","Emmey Doble"
"119","Dirth Bader"
"673","Tirrell Manifield"
"722","Leela Dhillon"
"236","Shayna Drewet"
"411","Evania Oliveti"
"101","Garwin Fincher"
"778","Keriann Moff"
"199","Fredelia Allday"
"944","Earl Latey"
"758","Russ Shiell"
"736","Dork Bader"
"929","Bradford Wilstead"
"692","Hugh Bavin"
"858","Emmalynne Hemphall"
"988","Lenee Kitchen"
"939","Merridie Cucuzza"
"407","Ingrim Slocomb"
"946","Clareta Danilovich"
"959","Hilton Gosby"
"839","Gar Kewzick"
"873","Avery Noury"
"501","Base Trewin"
"585","Matt Podd"
"362","Candida Allbon"
"257","Lise Manilo"
"668","Ingrim Slocomb"
"866","Magdalena Blaker"
"765","Ty McLookin"
"866","Creight Wakeling"
"727","Richart Audry"
"837","Daphna Escofier"
"472","Thorin Galbreth"
"243","Judye Tylor"
"940","Lenore Carreyette"
"578","Kareem Lowy"
"911","Symon Moyse"
"324","Dev Rosebotham"
"125","Dark Bader"
"157","Kori McMennum"
"578","Greg Pepall"
"458","Claudine Teek"
"408","Goldia Grinaugh"
"371","Malissia Stachini"
"653","Olympia Wilsdon"
"269","Ealasaid Braxay"
"803","Robby Tenpenny"
"735","Malia Burstowe"
"374","Lisbeth Lomasna"
"593","Ermin Kelmere"
"245","Matt Potter"
"737","Dyann Sertin"
"846","Rhianon Lainge"
"789","Benedetta Rennard"
"681","Janek Clementel"
"337","Erich Leborgne"
"562","Tailor Bento"
"618","Abigael Moehle"
"586","Lindy Siemandl"
"111","Coleman Chasle"
"621","Morton Andries"
"162","Judd Hengoed"
"289","Ty McGHookin"
"501","Rubin Beden"
"405","Othilie Siccombe"
"768","Sid Arens"
"867","Audrie Potkins"
"869","Kacey Harron"
"710","Aida McIlwaine"
"841","Fonzie Rieger"
"323","Lorrie Boyce"
"233","Onfroi Cusick"
"401","Richart Audry"
"824","Ardisj Oselton"
"928","Shermie Watford"
"539","Skye Brooksbie"
"480","Aline Hovy"
"484","Emlyn Sailor"
"466","Ingrim Slocomb"
"159","Benson Hallum"
"487","Adam Klosterman"
"591","Thayne Moorcroft"
"978","Flossie Carme"
"567","Helene Gladding"
"179","Evyn Keld"
"642","Preston Wathell"
"879","Esme Bubeer"
"601","Paxton Presslee"
"819","Loutitia Jeffcoate"
"125","Leoine Fulham"
"397","Ty McKookin"
"981","Concordia Hindenburg"
"349","Cary Mitskevich"
"678","Richart Audry"
