"address","YOR","pension","id","name","current_job"
"2665 Interdum. Avenue","1992","30000","692","Raymond N. Stout","Engineer"
"5971 Ipsum. Street","2000","31000","858","Akeem I. Randall","Office Assistant IV"
"Opp.Magna St.","2011","32000","988","Jarrod Q. Page","Statistician III"
"9106 Suscipit Av.","2007","33000","939","Raphael W. Talley","Budget/Accounting Analyst IV"
"P.O. Box 903, 4306 Condimentum. Rd.","2012","34000","407","Ifeoma C. Johns","Account Representative III"
"Ap 6600 Urna, Avenue","1997","35000","946","Micah H. Reese","Librarian"
"464-9147 Magna. Av.","2000","36000","959","Kennan X. Davenport","Computer Systems Analyst III"
"P.O. Box 857, 1470 Vestibulum Avenue","2008","37000","839","Helen N. Blake","Desktop Support Technician"
"Ap 449-3085 Lobortis, Road","1993","38000","873","Clarke E. Burch","Human Resources Manager"
"3719 Phasellus Ave","2002","39000","501","Buffy E. Head","Social Worker"
"Ap 3947 Mollis. Av.","1995","40000","585","Declan W. Sanford","Social Worker"
"P.O. Box 569, 5191 Luctus Street","1990","41000","362","Hunter P. Byrd","Librarian"
"3231 Magna. Ave","2004","42000","257","Leandra C. Walsh","Executive Secretary"
"228 Pretium Avenue","2004","43000","668","Gisela Y. Valdez","Safety Technician I"
"3876 Tempus Ave","2003","44000","866","Fleur I. Drake","Assistant Manager"
"6476 Lobortis Rd.","2004","45000","765","Valentine D. James","Business Systems Development Analyst"
"3360 Risus. St.","2001","46000","866","Ivana V. Bridges",""
"P.O. Box 323, 334 Sagittis. Rd.","2007","47000","727","Ignatius G. Mccormick","Account Representative I"
"Ap 6760 Ornare. Street","2005","48000","837","Walker X. Bolton","Safety Technician III"
"407-205 Eu Avenue","2008","49000","472","Oren C. Santos","Quality Engineer"
"Ap 8758 Tortor Street","2007","50000","243","Germane L. Levy","Chief Design Engineer"
"Ap 8122 Ligula. Avenue","1997","51000","940","Jenna N. Oneil","Senior Quality Engineer"
"P.O. Box 100, 4657 Pharetra. Rd.","2008","52000","578","Bruce K. Rodriquez","Software Engineer IV"
"457-8517 Et Street","2005","53000","911","Wing T. Russo","Director of Sales"
"332-1766 Nam St.","2010","54000","324","Kennedy W. Wilcox","Research Associate"
"445-2966 Libero. Ave","1999","55000","125","Rylee M. Moses","Dental Hygienist"
"488-383 Commodo St.","1991","56000","157","Kennedy M. Doyle","Structural Engineer"
"2473 Suspendisse St.","1989","57000","578","Imani I. Peck","Accountant IV"
"1896 Turpis. Rd.","2008","58000","458","Sawyer M. Hughes","Design Engineer"
"Ap 790-2951 Sem St.","1991","59000","408","Conan D. Hoover",""
"1326 Nec Av.","1986","60000","371","Dustin A. Maynard","GIS Technical Architect"
"9936 Ligula Av.","1993","61000","653","Brittany P. Mason","Recruiting Manager"
