address,YOR,pension,id,current_job
2665 Interdum. Avenue,1992,30000,125,Engineer
5971 Ipsum. Street,2000,31000,732,Office Assistant IV
Opp.Magna St.,2011,32000,927,Statistician III
9106 Suscipit Av.,2007,33000,999,Budget/Accounting Analyst IV
"P.O. Box 903, 4306 Condimentum. Rd.",2012,34000,964,Account Representative III
"Ap 6600 Urna, Avenue",1997,35000,230,Librarian
464-9147 Magna. Av.,2000,36000,324,Computer Systems Analyst III
"P.O. Box 857, 1470 Vestibulum Avenue",2008,37000,129,Desktop Support Technician
"Ap 449-3085 Lobortis, Road",1993,38000,472,Human Resources Manager
3719 Phasellus Ave,2002,39000,771,Social Worker
Ap 3947 Mollis. Av.,1995,40000,872,Social Worker
"P.O. Box 569, 5191 Luctus Street",1990,41000,989,Librarian
3231 Magna. Ave,2004,42000,863,Executive Secretary
228 Pretium Avenue,2004,43000,144,Safety Technician I
3876 Tempus Ave,2003,44000,119,Assistant Manager
6476 Lobortis Rd.,2004,45000,896,Business Systems Development Analyst
3360 Risus. St.,2001,46000,736,
"P.O. Box 323, 334 Sagittis. Rd.",2007,47000,161,Account Representative I
Ap 6760 Ornare. Street,2005,48000,610,Safety Technician III
407-205 Eu Avenue,2008,49000,292,Quality Engineer
Ap 8758 Tortor Street,2007,50000,634,Chief Design Engineer
Ap 8122 Ligula. Avenue,1997,51000,737,Senior Quality Engineer
"P.O. Box 100, 4657 Pharetra. Rd.",2008,52000,269,Software Engineer IV
457-8517 Et Street,2005,53000,944,Director of Sales
332-1766 Nam St.,2010,54000,907,Research Associate
445-2966 Libero. Ave,1999,55000,169,Dental Hygienist
488-383 Commodo St.,1991,56000,322,Structural Engineer
2473 Suspendisse St.,1989,57000,906,Accountant IV
1896 Turpis. Rd.,2008,58000,484,Design Engineer
Ap 790-2951 Sem St.,1991,59000,858,
1326 Nec Av.,1986,60000,340,GIS Technical Architect
9936 Ligula Av.,1993,61000,821,Recruiting Manager
